pk,code,play_count,comment_count,like_count,view_count
3225462019163139790,CzDJJ4Au67O,32379446,9506,1703451,
3747046152983351654,DQALp-ZkRFm,27181215,6399,2228186,
3746683834013164071,DP-5RikDaIn,27800349,3511,1796907,
3746654320675617410,DP-ykEIDXqC,7762468,781,292387,
3746624335353053874,DP-rvuHjYKy,12022954,3051,363747,
3746615513112749499,DP-pvVxDaW7,13761467,1903,730040,
3746611777950822477,DP-o4_IDbBN,18168782,2077,1008609,
3745447651568342237,DP6gMt8jVTd,39290523,5610,2454602,
3744948774666884285,DP4uxGoDdS9,24857934,2927,1866608,
3744072684754841194,DP1nkUUDi5q,17555181,3987,1241064,
3743975833762648184,DP1Ri8zEdB4,9967393,1316,699484,
3738306542388185703,DPhIf5wkQpn,32847499,6506,2520067,
